{
  "Author": "StarHeartHunt",
  "Name": "RouletteRecorder",
  "InternalName": "RouletteRecorder.Dalamud",
  "AssemblyVersion": "0.0.1.2",
  "Description": "Help you to record your daily roulettes, export report and sync with DungeonLogger in realtime.",
  "ApplicableVersion": "any",
  "Tags": [
    "roulette",
    "plugin",
    "mentor"
  ],
  "DalamudApiLevel": 10,
  "LoadRequiredState": 0,
  "LoadSync": false,
  "CanUnloadAsync": false,
  "LoadPriority": 0,
  "Punchline": "Auto record your daily roulettes including mentor roulettes",
  "AcceptsFeedback": true
}